[{"model": "admin.logentry", "pk": 1, "fields": {"action_time": "2023-08-09T12:45:39.583Z", "user": 1, "content_type": 6, "object_id": "2", "object_repr": "test@test.test", "action_flag": 1, "change_message": "[{\"added\": {}}]"}}, {"model": "admin.logentry", "pk": 2, "fields": {"action_time": "2023-08-09T12:54:16.443Z", "user": 1, "content_type": 10, "object_id": "1", "object_repr": "The Sky Tonight", "action_flag": 1, "change_message": "[{\"added\": {}}]"}}, {"model": "admin.logentry", "pk": 3, "fields": {"action_time": "2023-08-09T12:54:24.841Z", "user": 1, "content_type": 10, "object_id": "2", "object_repr": "Starstruck", "action_flag": 1, "change_message": "[{\"added\": {}}]"}}, {"model": "admin.logentry", "pk": 4, "fields": {"action_time": "2023-08-09T12:54:33.605Z", "user": 1, "content_type": 10, "object_id": "3", "object_repr": "Once Upon a Star", "action_flag": 1, "change_message": "[{\"added\": {}}]"}}, {"model": "admin.logentry", "pk": 5, "fields": {"action_time": "2023-08-09T12:54:43.413Z", "user": 1, "content_type": 10, "object_id": "4", "object_repr": "Moonbase", "action_flag": 1, "change_message": "[{\"added\": {}}]"}}, {"model": "admin.logentry", "pk": 6, "fields": {"action_time": "2023-08-09T12:55:54.275Z", "user": 1, "content_type": 10, "object_id": "5", "object_repr": "Observatory Unlocked", "action_flag": 1, "change_message": "[{\"added\": {}}]"}}, {"model": "admin.logentry", "pk": 7, "fields": {"action_time": "2023-08-09T12:56:01.477Z", "user": 1, "content_type": 10, "object_id": "6", "object_repr": "Ted's Space Adventure", "action_flag": 1, "change_message": "[{\"added\": {}}]"}}, {"model": "admin.logentry", "pk": 8, "fields": {"action_time": "2023-08-09T12:56:09.107Z", "user": 1, "content_type": 10, "object_id": "7", "object_repr": "Morning Stars", "action_flag": 1, "change_message": "[{\"added\": {}}]"}}, {"model": "admin.logentry", "pk": 9, "fields": {"action_time": "2023-08-09T12:56:27.166Z", "user": 1, "content_type": 10, "object_id": "8", "object_repr": "Meet The Author: A guide to our local star with Dr Ryan French", "action_flag": 1, "change_message": "[{\"added\": {}}]"}}, {"model": "admin.logentry", "pk": 10, "fields": {"action_time": "2023-08-09T12:56:33.040Z", "user": 1, "content_type": 10, "object_id": "9", "object_repr": "Moons Beyond Counting", "action_flag": 1, "change_message": "[{\"added\": {}}]"}}, {"model": "admin.logentry", "pk": 11, "fields": {"action_time": "2023-08-09T12:56:39.210Z", "user": 1, "content_type": 10, "object_id": "10", "object_repr": "Introduction to Astronomy", "action_flag": 1, "change_message": "[{\"added\": {}}]"}}, {"model": "admin.logentry", "pk": 12, "fields": {"action_time": "2023-08-09T12:56:51.983Z", "user": 1, "content_type": 10, "object_id": "11", "object_repr": "Foundation Astrophysics", "action_flag": 1, "change_message": "[{\"added\": {}}]"}}, {"model": "admin.logentry", "pk": 13, "fields": {"action_time": "2023-08-09T12:59:11.990Z", "user": 1, "content_type": 11, "object_id": "1", "object_repr": "Dnipro Planetarium", "action_flag": 1, "change_message": "[{\"added\": {}}]"}}, {"model": "admin.logentry", "pk": 14, "fields": {"action_time": "2023-08-09T13:01:41.487Z", "user": 1, "content_type": 11, "object_id": "2", "object_repr": "Donetsk Planetarium", "action_flag": 1, "change_message": "[{\"added\": {}}]"}}, {"model": "admin.logentry", "pk": 15, "fields": {"action_time": "2023-08-09T13:03:58.987Z", "user": 1, "content_type": 11, "object_id": "3", "object_repr": "Kharkiv Planetarium", "action_flag": 1, "change_message": "[{\"added\": {}}]"}}, {"model": "admin.logentry", "pk": 16, "fields": {"action_time": "2023-08-09T13:04:49.622Z", "user": 1, "content_type": 11, "object_id": "4", "object_repr": "Kyiv Planetarium", "action_flag": 1, "change_message": "[{\"added\": {}}]"}}, {"model": "admin.logentry", "pk": 17, "fields": {"action_time": "2023-08-09T13:05:42.920Z", "user": 1, "content_type": 11, "object_id": "5", "object_repr": "Aberdeen College Planetarium", "action_flag": 1, "change_message": "[{\"added\": {}}]"}}, {"model": "admin.logentry", "pk": 18, "fields": {"action_time": "2023-08-09T13:05:53.385Z", "user": 1, "content_type": 11, "object_id": "6", "object_repr": "Armagh Planetarium", "action_flag": 1, "change_message": "[{\"added\": {}}]"}}, {"model": "admin.logentry", "pk": 19, "fields": {"action_time": "2023-08-09T13:06:21.191Z", "user": 1, "content_type": 11, "object_id": "7", "object_repr": "The Astronomy Centre Planetarium", "action_flag": 1, "change_message": "[{\"added\": {}}]"}}, {"model": "admin.logentry", "pk": 20, "fields": {"action_time": "2023-08-09T13:06:30.410Z", "user": 1, "content_type": 11, "object_id": "8", "object_repr": "AURIGA Star Dome", "action_flag": 1, "change_message": "[{\"added\": {}}]"}}, {"model": "admin.logentry", "pk": 21, "fields": {"action_time": "2023-08-09T13:06:39.634Z", "user": 1, "content_type": 11, "object_id": "9", "object_repr": "Glasgow Science Centre Planetarium", "action_flag": 1, "change_message": "[{\"added\": {}}]"}}, {"model": "admin.logentry", "pk": 22, "fields": {"action_time": "2023-08-09T13:19:47.852Z", "user": 1, "content_type": 10, "object_id": "12", "object_repr": "Exhibitions", "action_flag": 1, "change_message": "[{\"added\": {}}]"}}, {"model": "admin.logentry", "pk": 23, "fields": {"action_time": "2023-08-09T13:19:59.856Z", "user": 1, "content_type": 10, "object_id": "13", "object_repr": "Planetarium shows", "action_flag": 1, "change_message": "[{\"added\": {}}]"}}, {"model": "admin.logentry", "pk": 24, "fields": {"action_time": "2023-08-09T13:20:07.224Z", "user": 1, "content_type": 10, "object_id": "14", "object_repr": "Family fun", "action_flag": 1, "change_message": "[{\"added\": {}}]"}}, {"model": "admin.logentry", "pk": 25, "fields": {"action_time": "2023-08-09T13:20:12.893Z", "user": 1, "content_type": 10, "object_id": "15", "object_repr": "Daytime", "action_flag": 1, "change_message": "[{\"added\": {}}]"}}, {"model": "admin.logentry", "pk": 26, "fields": {"action_time": "2023-08-09T13:20:24.600Z", "user": 1, "content_type": 10, "object_id": "16", "object_repr": "Evenings & Lates", "action_flag": 1, "change_message": "[{\"added\": {}}]"}}, {"model": "admin.logentry", "pk": 27, "fields": {"action_time": "2023-08-09T13:20:31.855Z", "user": 1, "content_type": 10, "object_id": "17", "object_repr": "Guided tours", "action_flag": 1, "change_message": "[{\"added\": {}}]"}}, {"model": "admin.logentry", "pk": 28, "fields": {"action_time": "2023-08-09T13:20:45.569Z", "user": 1, "content_type": 10, "object_id": "18", "object_repr": "Talks and courses", "action_flag": 1, "change_message": "[{\"added\": {}}]"}}, {"model": "admin.logentry", "pk": 29, "fields": {"action_time": "2023-08-09T13:20:56.514Z", "user": 1, "content_type": 10, "object_id": "19", "object_repr": "Member events", "action_flag": 1, "change_message": "[{\"added\": {}}]"}}, {"model": "admin.logentry", "pk": 30, "fields": {"action_time": "2023-08-09T13:21:08.155Z", "user": 1, "content_type": 10, "object_id": "20", "object_repr": "Community astronomy", "action_flag": 1, "change_message": "[{\"added\": {}}]"}}, {"model": "admin.logentry", "pk": 31, "fields": {"action_time": "2023-08-09T13:21:28.000Z", "user": 1, "content_type": 10, "object_id": "21", "object_repr": "Conferences & study days", "action_flag": 1, "change_message": "[{\"added\": {}}]"}}, {"model": "admin.logentry", "pk": 32, "fields": {"action_time": "2023-08-09T13:21:36.315Z", "user": 1, "content_type": 10, "object_id": "22", "object_repr": "Access events", "action_flag": 1, "change_message": "[{\"added\": {}}]"}}, {"model": "admin.logentry", "pk": 33, "fields": {"action_time": "2023-08-09T13:22:39.410Z", "user": 1, "content_type": 7, "object_id": "1", "object_repr": "The Sky Tonight", "action_flag": 1, "change_message": "[{\"added\": {}}]"}}, {"model": "admin.logentry", "pk": 34, "fields": {"action_time": "2023-08-09T13:23:07.025Z", "user": 1, "content_type": 7, "object_id": "2", "object_repr": "Starstruck", "action_flag": 1, "change_message": "[{\"added\": {}}]"}}, {"model": "admin.logentry", "pk": 35, "fields": {"action_time": "2023-08-09T13:23:28.824Z", "user": 1, "content_type": 7, "object_id": "3", "object_repr": "Once Upon a Star", "action_flag": 1, "change_message": "[{\"added\": {}}]"}}, {"model": "admin.logentry", "pk": 36, "fields": {"action_time": "2023-08-09T13:23:45.103Z", "user": 1, "content_type": 7, "object_id": "4", "object_repr": "Moonbase", "action_flag": 1, "change_message": "[{\"added\": {}}]"}}, {"model": "admin.logentry", "pk": 37, "fields": {"action_time": "2023-08-09T13:24:26.436Z", "user": 1, "content_type": 7, "object_id": "5", "object_repr": "Observatory Unlocked", "action_flag": 1, "change_message": "[{\"added\": {}}]"}}, {"model": "admin.logentry", "pk": 38, "fields": {"action_time": "2023-08-09T13:24:42.107Z", "user": 1, "content_type": 7, "object_id": "6", "object_repr": "Ted's Space Adventure", "action_flag": 1, "change_message": "[{\"added\": {}}]"}}, {"model": "admin.logentry", "pk": 39, "fields": {"action_time": "2023-08-09T13:25:05.304Z", "user": 1, "content_type": 7, "object_id": "7", "object_repr": "Morning Stars", "action_flag": 1, "change_message": "[{\"added\": {}}]"}}, {"model": "admin.logentry", "pk": 40, "fields": {"action_time": "2023-08-09T13:25:24.703Z", "user": 1, "content_type": 7, "object_id": "8", "object_repr": "Meet The Author: A guide to our local star with Dr Ryan French", "action_flag": 1, "change_message": "[{\"added\": {}}]"}}, {"model": "admin.logentry", "pk": 41, "fields": {"action_time": "2023-08-09T13:26:01.454Z", "user": 1, "content_type": 7, "object_id": "9", "object_repr": "Moons Beyond Counting", "action_flag": 1, "change_message": "[{\"added\": {}}]"}}, {"model": "admin.logentry", "pk": 42, "fields": {"action_time": "2023-08-09T13:26:13.644Z", "user": 1, "content_type": 7, "object_id": "10", "object_repr": "Introduction to Astronomy", "action_flag": 1, "change_message": "[{\"added\": {}}]"}}, {"model": "admin.logentry", "pk": 43, "fields": {"action_time": "2023-08-09T13:26:29.315Z", "user": 1, "content_type": 7, "object_id": "11", "object_repr": "Intermediate Astronomy", "action_flag": 1, "change_message": "[{\"added\": {}}]"}}, {"model": "admin.logentry", "pk": 44, "fields": {"action_time": "2023-08-09T13:26:47.127Z", "user": 1, "content_type": 7, "object_id": "12", "object_repr": "Foundation Astrophysics", "action_flag": 1, "change_message": "[{\"added\": {}}]"}}, {"model": "admin.logentry", "pk": 45, "fields": {"action_time": "2023-08-09T13:26:57.748Z", "user": 1, "content_type": 7, "object_id": "13", "object_repr": "Introduction to Astronomy Online", "action_flag": 1, "change_message": "[{\"added\": {}}]"}}, {"model": "admin.logentry", "pk": 46, "fields": {"action_time": "2023-08-09T13:27:24.571Z", "user": 1, "content_type": 7, "object_id": "14", "object_repr": "Introduction to Astrophysics", "action_flag": 1, "change_message": "[{\"added\": {}}]"}}, {"model": "admin.logentry", "pk": 47, "fields": {"action_time": "2023-08-09T13:27:36.299Z", "user": 1, "content_type": 7, "object_id": "15", "object_repr": "Astronomy and Islam", "action_flag": 1, "change_message": "[{\"added\": {}}]"}}, {"model": "admin.logentry", "pk": 48, "fields": {"action_time": "2023-08-09T13:27:46.912Z", "user": 1, "content_type": 7, "object_id": "16", "object_repr": "Amateur Astronomy For Beginners", "action_flag": 1, "change_message": "[{\"added\": {}}]"}}, {"model": "admin.logentry", "pk": 49, "fields": {"action_time": "2023-08-09T13:27:58.387Z", "user": 1, "content_type": 7, "object_id": "17", "object_repr": "Introduction to Astrophotography", "action_flag": 1, "change_message": "[{\"added\": {}}]"}}, {"model": "admin.logentry", "pk": 50, "fields": {"action_time": "2023-08-09T13:28:11.824Z", "user": 1, "content_type": 7, "object_id": "18", "object_repr": "Evening With The Stars", "action_flag": 1, "change_message": "[{\"added\": {}}]"}}, {"model": "admin.logentry", "pk": 51, "fields": {"action_time": "2023-08-09T13:28:56.392Z", "user": 1, "content_type": 7, "object_id": "19", "object_repr": "Chinese Astronomy", "action_flag": 1, "change_message": "[{\"added\": {}}]"}}, {"model": "admin.logentry", "pk": 52, "fields": {"action_time": "2023-08-09T13:29:21.002Z", "user": 1, "content_type": 7, "object_id": "20", "object_repr": "Bilingual Families", "action_flag": 1, "change_message": "[{\"added\": {}}]"}}, {"model": "admin.logentry", "pk": 53, "fields": {"action_time": "2023-08-09T13:29:29.884Z", "user": 1, "content_type": 7, "object_id": "21", "object_repr": "Morning Stars", "action_flag": 1, "change_message": "[{\"added\": {}}]"}}, {"model": "admin.logentry", "pk": 54, "fields": {"action_time": "2023-08-09T13:30:30.090Z", "user": 1, "content_type": 7, "object_id": "22", "object_repr": "Habitat Earth", "action_flag": 1, "change_message": "[{\"added\": {}}]"}}, {"model": "admin.logentry", "pk": 55, "fields": {"action_time": "2023-08-09T13:30:49.910Z", "user": 1, "content_type": 7, "object_id": "23", "object_repr": "A Teenager's Guide to the Galaxy", "action_flag": 1, "change_message": "[{\"added\": {}}]"}}, {"model": "admin.logentry", "pk": 56, "fields": {"action_time": "2023-08-09T13:31:06.553Z", "user": 1, "content_type": 7, "object_id": "24", "object_repr": "Living Worlds", "action_flag": 1, "change_message": "[{\"added\": {}}]"}}, {"model": "admin.logentry", "pk": 57, "fields": {"action_time": "2023-08-09T13:31:26.664Z", "user": 1, "content_type": 7, "object_id": "25", "object_repr": "Expedition Reef", "action_flag": 1, "change_message": "[{\"added\": {}}]"}}, {"model": "admin.logentry", "pk": 58, "fields": {"action_time": "2023-08-09T13:31:54.701Z", "user": 1, "content_type": 9, "object_id": "1", "object_repr": "A Teenager's Guide to the Galaxy 2023-08-09 13:31:51+00:00", "action_flag": 1, "change_message": "[{\"added\": {}}]"}}, {"model": "admin.logentry", "pk": 59, "fields": {"action_time": "2023-08-09T13:32:10.549Z", "user": 1, "content_type": 9, "object_id": "2", "object_repr": "Astronomy and Islam 2023-08-17 12:00:00+00:00", "action_flag": 1, "change_message": "[{\"added\": {}}]"}}, {"model": "admin.logentry", "pk": 60, "fields": {"action_time": "2023-08-09T13:32:20.378Z", "user": 1, "content_type": 9, "object_id": "3", "object_repr": "Intermediate Astronomy 2023-09-14 00:00:00+00:00", "action_flag": 1, "change_message": "[{\"added\": {}}]"}}, {"model": "admin.logentry", "pk": 61, "fields": {"action_time": "2023-08-09T13:32:31.675Z", "user": 1, "content_type": 9, "object_id": "4", "object_repr": "Introduction to Astrophotography 2023-09-06 13:32:30+00:00", "action_flag": 1, "change_message": "[{\"added\": {}}]"}}, {"model": "admin.logentry", "pk": 62, "fields": {"action_time": "2023-08-09T13:32:39.560Z", "user": 1, "content_type": 9, "object_id": "5", "object_repr": "Meet The Author: A guide to our local star with Dr Ryan French 2023-08-09 13:32:38+00:00", "action_flag": 1, "change_message": "[{\"added\": {}}]"}}, {"model": "admin.logentry", "pk": 63, "fields": {"action_time": "2023-08-09T13:32:50.086Z", "user": 1, "content_type": 9, "object_id": "6", "object_repr": "Starstruck 2023-08-29 18:00:00+00:00", "action_flag": 1, "change_message": "[{\"added\": {}}]"}}, {"model": "admin.logentry", "pk": 64, "fields": {"action_time": "2023-08-09T13:33:09.803Z", "user": 1, "content_type": 12, "object_id": "1", "object_repr": "2023-08-09 13:33:09.799385+00:00", "action_flag": 1, "change_message": "[{\"added\": {}}]"}}, {"model": "admin.logentry", "pk": 65, "fields": {"action_time": "2023-08-09T13:33:13.710Z", "user": 1, "content_type": 12, "object_id": "2", "object_repr": "2023-08-09 13:33:13.706998+00:00", "action_flag": 1, "change_message": "[{\"added\": {}}]"}}, {"model": "admin.logentry", "pk": 66, "fields": {"action_time": "2023-08-09T13:33:31.283Z", "user": 1, "content_type": 8, "object_id": "1", "object_repr": "Intermediate Astronomy 2023-09-14 00:00:00+00:00 (row: 5, seat: 7)", "action_flag": 1, "change_message": "[{\"added\": {}}]"}}, {"model": "admin.logentry", "pk": 67, "fields": {"action_time": "2023-08-09T13:33:40.232Z", "user": 1, "content_type": 8, "object_id": "2", "object_repr": "Starstruck 2023-08-29 18:00:00+00:00 (row: 7, seat: 6)", "action_flag": 1, "change_message": "[{\"added\": {}}]"}}, {"model": "admin.logentry", "pk": 68, "fields": {"action_time": "2023-08-09T13:33:47.431Z", "user": 1, "content_type": 8, "object_id": "3", "object_repr": "Astronomy and Islam 2023-08-17 12:00:00+00:00 (row: 1, seat: 3)", "action_flag": 1, "change_message": "[{\"added\": {}}]"}}, {"model": "sessions.session", "pk": "83i35t6zuvge88yoxgil67silkhl6ht0", "fields": {"session_data": ".eJxVjDsOwjAQBe_iGlnY618o6XMGa9dr4wBypDipEHeHSCmgfTPzXiLitta49bzEicVFKHH63QjTI7cd8B3bbZZpbusykdwVedAux5nz83q4fwcVe_3WzpTBWl20wsyk2IE3xhJlY3WAhKokHJxXYLICR-cCCQhsQAyaGbx4fwDdEDfF:1qTgr0:tdk9qD84mp6FXKMAagfN8yxmEVd9KlSsLPIb5AnLvL0", "expire_date": "2023-08-23T10:55:50.933Z"}}, {"model": "planetarium.showtheme", "pk": 12, "fields": {"name": "Exhibitions"}}, {"model": "planetarium.showtheme", "pk": 13, "fields": {"name": "Planetarium shows"}}, {"model": "planetarium.showtheme", "pk": 14, "fields": {"name": "Family fun"}}, {"model": "planetarium.showtheme", "pk": 15, "fields": {"name": "Daytime"}}, {"model": "planetarium.showtheme", "pk": 16, "fields": {"name": "Evenings & Lates"}}, {"model": "planetarium.showtheme", "pk": 17, "fields": {"name": "Guided tours"}}, {"model": "planetarium.showtheme", "pk": 18, "fields": {"name": "Talks and courses"}}, {"model": "planetarium.showtheme", "pk": 19, "fields": {"name": "Member events"}}, {"model": "planetarium.showtheme", "pk": 20, "fields": {"name": "Community astronomy"}}, {"model": "planetarium.showtheme", "pk": 21, "fields": {"name": "Conferences & study days"}}, {"model": "planetarium.showtheme", "pk": 22, "fields": {"name": "Access events"}}, {"model": "planetarium.showtheme", "pk": 23, "fields": {"name": "test"}}, {"model": "planetarium.astronomyshow", "pk": 1, "fields": {"title": "The Sky Tonight", "description": "A classic guide to the night sky presented live by a Royal Observatory Greenwich astronomer. Suitable for adults and families.", "image": "", "show_themes": [13]}}, {"model": "planetarium.astronomyshow", "pk": 2, "fields": {"title": "Starstruck", "description": "Discover the birth, life and death of a star presented live by a Royal Observatory Greenwich astronomer. Suitable for adults and families.", "image": "", "show_themes": [13]}}, {"model": "planetarium.astronomyshow", "pk": 3, "fields": {"title": "Once Upon a Star", "description": "Join Space Ted at the Royal Observatory Planetarium for some interactive storytelling and story writing", "image": "", "show_themes": [14]}}, {"model": "planetarium.astronomyshow", "pk": 4, "fields": {"title": "Moonbase", "description": "Prepare for an immersive and breath-taking lunar experience.", "image": "", "show_themes": [13]}}, {"model": "planetarium.astronomyshow", "pk": 5, "fields": {"title": "Observatory Unlocked", "description": "Drop by and chat with our Royal Observatory Explainers this summer as they bring science and astronomy to life!", "image": "", "show_themes": [20]}}, {"model": "planetarium.astronomyshow", "pk": 6, "fields": {"title": "Ted's Space Adventure", "description": "A special live planetarium show for under-7s - perfect for little astronauts everywhere!", "image": "", "show_themes": [13]}}, {"model": "planetarium.astronomyshow", "pk": 7, "fields": {"title": "Morning Stars", "description": "Relaxed planetarium shows for those who prefer a calmer environment, such as people with ASD.", "image": "", "show_themes": [13]}}, {"model": "planetarium.astronomyshow", "pk": 8, "fields": {"title": "Meet The Author: A guide to our local star with Dr Ryan French", "description": "Explore our very own star with Dr Ryan French", "image": "", "show_themes": [16]}}, {"model": "planetarium.astronomyshow", "pk": 9, "fields": {"title": "Moons Beyond Counting", "description": "Explore the many moons found in the solar system, with our Royal Observatory astronomers. Suitable for adults and families", "image": "", "show_themes": [13]}}, {"model": "planetarium.astronomyshow", "pk": 10, "fields": {"title": "Introduction to Astronomy", "description": "Learn the basics of astronomy at the home of time and space", "image": "", "show_themes": [18]}}, {"model": "planetarium.astronomyshow", "pk": 11, "fields": {"title": "Intermediate Astronomy", "description": "A series of intermediate astronomy courses at the Royal Observatory to help you answer all your questions about our Universe", "image": "", "show_themes": [18]}}, {"model": "planetarium.astronomyshow", "pk": 12, "fields": {"title": "Foundation Astrophysics", "description": "A series of ten-week courses on more advanced topics in astrophysics", "image": "", "show_themes": [18]}}, {"model": "planetarium.astronomyshow", "pk": 13, "fields": {"title": "Introduction to Astronomy Online", "description": "Learn the basics of astronomy at the home of time and space in this online course", "image": "", "show_themes": [18]}}, {"model": "planetarium.astronomyshow", "pk": 14, "fields": {"title": "Introduction to Astrophysics", "description": "Investigate the physics of our universe at the home of space and time", "image": "", "show_themes": [18]}}, {"model": "planetarium.astronomyshow", "pk": 15, "fields": {"title": "Astronomy and Islam", "description": "Join us for a special show featuring the New Crescent Moon and historic Islamic astronomy.", "image": "", "show_themes": [13]}}, {"model": "planetarium.astronomyshow", "pk": 16, "fields": {"title": "Amateur Astronomy For Beginners", "description": "A course for those who want to take up astronomy as a hobby", "image": "", "show_themes": [18]}}, {"model": "planetarium.astronomyshow", "pk": 17, "fields": {"title": "Introduction to Astrophotography", "description": "Join us for our introductory course in astrophotography to learn how to capture your own amazing images of the night sky", "image": "", "show_themes": [18]}}, {"model": "planetarium.astronomyshow", "pk": 18, "fields": {"title": "Evening With The Stars", "description": "Explore the wonders of the night sky and look through the telescopes of the Royal Observatory at our classic museum late event", "image": "", "show_themes": [16]}}, {"model": "planetarium.astronomyshow", "pk": 19, "fields": {"title": "Chinese Astronomy", "description": "Explore topics in ancient and modern Chinese astronomy, including the Sun, Moon, stars and space exploration", "image": "", "show_themes": [13]}}, {"model": "planetarium.astronomyshow", "pk": 20, "fields": {"title": "Bilingual Families", "description": "Explore the universe with us in our series of shows delivered in other languages", "image": "", "show_themes": [13]}}, {"model": "planetarium.astronomyshow", "pk": 21, "fields": {"title": "Morning Stars", "description": "Relaxed planetarium shows for those who prefer a calmer environment, such as people with ASD", "image": "", "show_themes": [13]}}, {"model": "planetarium.astronomyshow", "pk": 22, "fields": {"title": "Habitat Earth", "description": "Habitat Earth uses cutting-edge science visualization to take you on an immersive, non-stop journey through Earth’s intricate living systems. Dive with sea otters, explore the life forms hidden within soil, and migrate through the oceans with whales.", "image": "", "show_themes": [15]}}, {"model": "planetarium.astronomyshow", "pk": 23, "fields": {"title": "A Teenager's Guide to the Galaxy", "description": "Created and hosted by cosmically curious teenagers from urban Milwaukee schools, this unique cosmic experience will take you on a dynamic journey across the universe and through time.\r\n\r\nExplore the origins and fate of the universe, black holes and our Sun. Witness stunning full dome animations video scripted, story boarded and narrated by our inspiring young adults. This program is an original production from the Daniel M. Soref Planetarium.", "image": "uploads/movies/a-teenagers-guide-to-the-galaxy-4d227f07-2e47-446a-96e1-bb9cfafc9d9d.png", "show_themes": [14]}}, {"model": "planetarium.astronomyshow", "pk": 24, "fields": {"title": "Living Worlds", "description": "Earth is a planet shaped by life. From the forests that help stabilize our climate, to the winds carrying life-sustaining water and oxygen to far-flung parts of the globe, the fingerprints of life are visible even from many light years away. Living Worlds, the newest original, all-digital planetarium show from the California Academy of Sciences, invites you to journey through space and time to examine life as an essential quality of our home planet. Narrator Daveed Diggs takes you on an exploration of the co-evolution of life and our planet, revealing the ways in which life has transformed Earth’s surface and atmosphere over billions of years. Along the way, you’ll see how light and color can help us spot a living world, even from great distances. As we ponder what forms life might take in the Solar System and beyond, Living Worlds encourages us to consider how a deeper understanding of our own planet can aid in the search for life across the cosmos, and to reflect on ways we can partner with our living world to ensure our continued survival.", "image": "", "show_themes": [13]}}, {"model": "planetarium.astronomyshow", "pk": 25, "fields": {"title": "Expedition Reef", "description": "Learn the secrets of the “rainforests of the sea” as you embark on an oceanic safari of the world’s most vibrant—and endangered—marine ecosystems.\r\n\r\nNarrated by Tony Award® winner Lea Salonga, the all-digital Expedition Reef immerses you in the undersea adventure. Along the way, discover how corals grow, feed, reproduce, and support over 25% of all marine life on Earth—while facing unprecedented threats from climate change, habitat destruction, and overfishing.\r\n\r\n“This is a difficult story [and] a turning point for reefs,” says Academy scientist and reef expert Dr. Rebecca Albright, “but it’s not too late.”", "image": "", "show_themes": [15]}}, {"model": "planetarium.showsession", "pk": 1, "fields": {"astronomy_show": 23, "planetarium_dome": 8, "show_time": "2023-08-09T13:31:51Z"}}, {"model": "planetarium.showsession", "pk": 2, "fields": {"astronomy_show": 15, "planetarium_dome": 1, "show_time": "2023-08-17T12:00:00Z"}}, {"model": "planetarium.showsession", "pk": 3, "fields": {"astronomy_show": 11, "planetarium_dome": 9, "show_time": "2023-09-14T00:00:00Z"}}, {"model": "planetarium.showsession", "pk": 4, "fields": {"astronomy_show": 17, "planetarium_dome": 1, "show_time": "2023-09-06T13:32:30Z"}}, {"model": "planetarium.showsession", "pk": 5, "fields": {"astronomy_show": 8, "planetarium_dome": 3, "show_time": "2023-08-09T13:32:38Z"}}, {"model": "planetarium.showsession", "pk": 6, "fields": {"astronomy_show": 2, "planetarium_dome": 7, "show_time": "2023-08-29T18:00:00Z"}}, {"model": "planetarium.planetariumdome", "pk": 1, "fields": {"name": "Dnipro Planetarium", "rows": 6, "seats_in_row": 15}}, {"model": "planetarium.planetariumdome", "pk": 2, "fields": {"name": "Donetsk Planetarium", "rows": 6, "seats_in_row": 14}}, {"model": "planetarium.planetariumdome", "pk": 3, "fields": {"name": "Kharkiv Planetarium", "rows": 6, "seats_in_row": 25}}, {"model": "planetarium.planetariumdome", "pk": 4, "fields": {"name": "Kyiv Planetarium", "rows": 16, "seats_in_row": 13}}, {"model": "planetarium.planetariumdome", "pk": 5, "fields": {"name": "Aberdeen College Planetarium", "rows": 10, "seats_in_row": 15}}, {"model": "planetarium.planetariumdome", "pk": 6, "fields": {"name": "Armagh Planetarium", "rows": 13, "seats_in_row": 14}}, {"model": "planetarium.planetariumdome", "pk": 7, "fields": {"name": "The Astronomy Centre Planetarium", "rows": 20, "seats_in_row": 30}}, {"model": "planetarium.planetariumdome", "pk": 8, "fields": {"name": "AURIGA Star Dome", "rows": 15, "seats_in_row": 15}}, {"model": "planetarium.planetariumdome", "pk": 9, "fields": {"name": "Glasgow Science Centre Planetarium", "rows": 20, "seats_in_row": 20}}, {"model": "planetarium.ticket", "pk": 1, "fields": {"show_session": 3, "reservation": 2, "row": 5, "seat": 7}}, {"model": "planetarium.ticket", "pk": 2, "fields": {"show_session": 6, "reservation": 1, "row": 7, "seat": 6}}, {"model": "planetarium.ticket", "pk": 3, "fields": {"show_session": 2, "reservation": 2, "row": 1, "seat": 3}}, {"model": "planetarium.reservation", "pk": 1, "fields": {"created_at": "2023-08-09T13:33:09.799Z", "user": 1}}, {"model": "planetarium.reservation", "pk": 2, "fields": {"created_at": "2023-08-09T13:33:13.706Z", "user": 2}}, {"model": "user.user", "pk": 1, "fields": {"password": "pbkdf2_sha256$600000$cButbPgDAwLKIdnE7A6Wl4$+5wesepFAH8dDM9X42pyYQmtc/H2w1ja0zBV+lMxZ8E=", "last_login": "2023-08-09T10:55:50.922Z", "is_superuser": true, "first_name": "", "last_name": "", "is_staff": true, "is_active": true, "date_joined": "2023-08-09T10:55:20.267Z", "email": "gorbova21@gmail.com", "groups": [], "user_permissions": []}}, {"model": "user.user", "pk": 2, "fields": {"password": "pbkdf2_sha256$600000$hEJ9WD1Nef5ZqJWsjFjl9L$7ujhNGsZaFJwjrk5ol53yMOF15cjfqCwrsxVN64yd9A=", "last_login": null, "is_superuser": false, "first_name": "", "last_name": "", "is_staff": false, "is_active": true, "date_joined": "2023-08-09T12:45:39.125Z", "email": "test@test.test", "groups": [], "user_permissions": []}}]